name,phone
Deanna Ross,778-230-5730
Robert Mann,778-159-1152
Joshua Meyer,778-500-6113
Rachel Sanchez,236-057-9517
Curtis Lopez,778-269-3083
Jonathan Phillips,236-169-6400
Madeline Pace,604-235-0916
Jennifer Moore,604-702-3735
Robert Scott,236-018-9928
Katherine Adkins,778-907-7263
Shawn Pham,778-827-9743
Nichole Morris,778-976-7735
Charles Walls,236-503-1402
Matthew Cohen,236-012-2271
Kyle Green,236-594-5021
Shirley Richard,778-040-4455
Teresa Gill,604-278-5329
Brittany Delacruz,604-696-7141
Jason Allen,778-886-2135
Amanda Bradley,778-310-5546
